# rows in order of m6_gratings.txt table: lam_um,A_flat,P_opt_um,h_opt_um,A_max,P_lo,P_hi,h_lo,h_hi,E2_gain,E2_abs
0.633,0.37,0.4389,0.07604,0.9995,0.3123,0.4737,0.05323,0.1103,26.44,8.475
0.785,0.3244,0.562,0.08534,0.9995,0.4796,0.5895,0.05974,0.1237,45.96,11.41
1.064,0.2759,0.7785,0.106,0.9997,0.7147,0.7998,0.07422,0.1484,92.39,15.69
0.633,0.3355,0.4478,0.07244,0.998,0.3686,0.4731,0.05071,0.1014,41.79,10.52
0.785,0.2918,0.5693,0.08083,1,0.5143,0.5889,0.05658,0.1172,72.99,14.11
1.064,0.2461,0.7847,0.101,1,0.7368,0.8007,0.07067,0.1413,143,18.76
0.633,0.3032,0.6084,0.08714,0.9989,0.542,0.6306,0.061,0.1264,67.59,13.38
0.785,0.2624,0.7613,0.1015,1,0.7063,0.7809,0.07103,0.1421,112.1,17
1.064,0.2202,1.045,0.1248,0.9954,0.9973,1.061,0.08737,0.1747,212.3,21.78
0.633,0.1626,0.4364,0.04099,0.9999,0.4174,0.449,0.03279,0.05124,95.93,42.1
0.785,0.1044,0.5664,0.03782,0.9983,0.5586,0.5703,0.03026,0.04917,332.9,89.99
1.064,0.07613,0.7894,0.05702,1,0.7841,0.7947,0.04847,0.06558,572.8,81.32
0.633,0.06922,0.4374,0.03325,0.997,0.4247,0.4469,0.02494,0.04322,147.5,73.89
0.785,0.03151,0.568,0.02742,0.9951,0.568,0.568,0.02194,0.03702,660.9,185.2
1.064,0.02678,0.7879,0.03744,0.9469,0.7879,0.7879,0.0337,0.06365,1229,168.3
